<?xml version="1.0" encoding="UTF-8" standalone="yes"?>
<addon id="plugin.video.kpn" name="KPN ITV" provider-name="Anon" version="0.9.9">
  <requires>
    <import addon="xbmc.python" version="2.26.0"/>
    <import addon="inputstream.adaptive" version="2.4.4"/>
    <import addon="script.module.fuzzywuzzy" version="0.17.0"/>
    <import addon="script.module.pycryptodome" version="3.4.3"/>
    <import addon="script.module.pytz" version="2014.2"/>
    <import addon="script.module.requests" version="2.22.0"/>
  </requires>
  <extension point="xbmc.python.pluginsource" library="default.py">
    <provides>video</provides>
  </extension>
  <extension point="xbmc.service" library="service.py"/>
  <extension point="xbmc.addon.metadata">
    <summary lang="en">Watch (Live) TV and content from KPN/Telfort/XS4ALL Interactive TV (Netherlands)</summary>
    <summary lang="nl">Bekijk (Live) TV en content van KPN/Telfort/XS4ALL Interactieve TV (Nederland)</summary>
    <description lang="en">Watch (Live) TV and content from KPN/Telfort/XS4ALL Interactive TV (Netherlands). Subscription required.</description>
    <description lang="nl">Bekijk (Live) TV en content van KPN/Telfort/XS4ALL Interactieve TV (Nederland). Abonnement vereist.</description>
    <reuselanguageinvoker>true</reuselanguageinvoker>
    <assets>
      <icon>icon.png</icon>
      <fanart>fanart.jpg</fanart>
    </assets>
  </extension>
</addon>
