<?xml version='1.0' encoding='UTF-8' standalone='yes'?>
<addon id="script.module.fuzzywuzzy" name="fuzzywuzzy" provider-name="SeetGeek" version="0.17.0+matrix.1">
  <requires>
    <import addon="xbmc.python" version="3.0.0" />
  </requires>
  <extension library="lib" point="xbmc.python.module" />
  <extension point="xbmc.addon.metadata">
        <description lang="en">Packed for KODI from https://github.com/seatgeek/fuzzywuzzy</description>
        <summary lang="en">python fuzzywuzzy module</summary>
        <license>GPLv2</license>
        <platform>all</platform>
        <email></email>
        <website>https://chairnerd.seatgeek.com/fuzzywuzzy-fuzzy-string-matching-in-python/</website>
        <forum></forum>
        <source>https://github.com/seatgeek/fuzzywuzzy</source>
        <language></language>
   </extension>
</addon>
